{"sti": 7.516760399508792, "lti": 6.239331588448976, "current_rule": "(= (unknown (governance) ?X) (unknown (break-semantics) ?X))"}