{"sti": 2.6215354968625255, "lti": 1.357094346473305, "current_rule": "(= (unknown (governance) ?X) (unknown (break-semantics) ?X))"}